onset_s,offset_s,duration_s,peak_amp,freq_hz
211.27,212.12,0.86,39.603553423967,26.7441860465116
406.46,407.21,0.76,36.8241828314362,26.3157894736842
494.17,494.83,0.67,31.3749503769959,26.865671641791
526.43,527.41,0.99,30.6216489733084,26.2626262626263
595.68,596.28,0.61,31.0206164212823,27.8688524590164
701.8,702.65,0.86,32.1256595124103,26.7441860465116
875.4,876.63,1.24,43.6618386570416,27.4193548387097
982.34,983.5,1.17,33.8648558779672,26.4957264957265
