onset_s,offset_s,duration_s,peak_amp,freq_hz
6057.49,6058.81,1.33,53.5092761790383,NaN
33470.91,33471.83,0.93,35.4284696857649,NaN
34243.69,34245.13,1.45,37.4224866032847,NaN
34420.46,34421.65,1.2,45.0948442676697,NaN
34974.65,34976.22,1.58,54.0191143287073,NaN
37188.05,37188.75,0.71,25.1354872410777,NaN
